{
    "metadata": {
        "version": 4.5,
        "type": "Object",
        "generator": "Object3D.toJSON"
    },
    "geometries": [
        {
            "uuid": "4574ea08-fca1-4bd7-9146-20f796e0c06b",
            "type": "BufferGeometry",
            "data": {
                "attributes": {
                    "position": {
                        "itemSize": 3,
                        "type": "Float32Array",
                        "array": [
                            -0.729605495929718,
                            0.7081502676010132,
                            -0.06903406232595444,
                            -0.729605495929718,
                            0.7081502676010132,
                            -0.06903406232595444,
                            -0.729605495929718,
                            -6.554712295532227,
                            3.135547161102295,
                            0.9369653463363647,
                            -6.538115501403809,
                            3.1336774826049805,
                            0.9136961102485657,
                            -6.523487567901611,
                            3.1317927837371826,
                            0.8909894824028015,
                            -6.486847877502441,
                            3.127073287963867,
                            0.8428733944892883,
                            -6.206258296966553,
                            3.0951929092407227,
                            0.821784496307373,
                            -6.223727703094482,
                            3.09706711769104,
                            0.8009725213050842,
                            -6.152095794677734,
                            3.0886101722717285,
                            0.7797462940216064,
                            -6.176568031311035,
                            3.091431140899658,
                            0.7583783864974976,
                            -6.244094371795654,
                            3.0989294052124023,
                            0.7358553409576416,
                            -6.278555393218994,
                            3.1036760807037354,
                            0.7142549753189087,
                            -6.316038131713867,
                            3.1073999404907227,
                            0.6920852065086365,
                            -6.258388042449951,
                            3.1008379459381104,
                            0.6710198521614075,
                            -6.235816955566406,
                            3.099012851715088,
                            0.10180985927581787,
                            -20.50361442565918,
                            4.740963459014893,
                            0.03766537830233574,
                            -20.48394203186035,
                            4.739126682281494,
                            0.19239671528339386,
                            -14.952143669128418,
                            4.102646827697754,
                            0.1412988305091858,
                            -14.931806564331055,
                            4.100811958312988,
                            -0.17724323272705078,
                            -20.444368362426758,
                            4.735476016998291,
                            -0.24766714870929718,
                            -20.435544967651367,
                            4.734559059143066,
                            -0.4636502265930176,
                            -20.47605323791504,
                            4.741306781768799,
                            -0.532537579536438,
                            -20.446250915527344,
                            4.738547325134277,
                            -0.6044469475746155,
                            -20.45641326904297,
                            4.739488124847412,
                            -0.6759214997291565,
                            -20.449573516845703,
                            4.739556789398193,
                            -0.7476773262023926,
                            -20.453737258911133,
                            4.740542888641357,
                            -0.8181264400482178,
                            -20.4459228515625,
                            4.740618705749512,
                            -0.9628249406814575,
                            -20.463237762451172,
                            4.744523048400879,
                            -1.0387585163116455,
                        ],
                        "normalized": false
                    },
                    "intensity": {
                        "itemSize": 1,
                        "type": "Float32Array",
                        "array": [
                            7,
                            7,
                            7,
                            7,
                            7,
                            8,
                            8,
                            8,
                            8,
                            8,
                            8,
                            8,
                            8,
                            8,
                            8,
                            8,
                            9,
                            9,
                            9,
                            9,
                            9,
                            9,
                            9,
                            9,
                            9,
                            9,
                            8,
                            8,
                            9,
                            9,
                            8,
                            8,
                            8,
                            9,
                            9,
                            9,
                            9,
                            9,
                            8,
                            8,
                            8,
                            9,
                            9,
                            9,
                            9,
                            9,
                            9,
                            9,
                            9,
                            8,
                            9,
                            9,
                            9,
                            9,
                            9,
                            10,
                            10,
                            9,
                            9,
                            9,
                            9,
                            9,
                            9,
                            9,
                            9,
                            10,
                            10,
                            10,
                            9,
                            9,
                            9,
                            9,
                            9,
                            9,
                            9,
                            9,
                            9,
                            9,
                            9,
                            9,
                            9,
                            9,
                            10,
                            10,
                            10,
                            9,
                            9,
                            10,
                            10,
                            10,
                            10,
                            10,
                            10,
                            11,
                            11,
                            11,
                            11,
                            10,
                            10,
                            10,
                            10,
                            10,
                            10,
                            10,
                            10,
                            10,
                            10,
                            10,
                            10,
                            10,
                            10,
                            10,
                            9,
                            9,
                            10,
                            9,
                            9,
                            9,
                            9,
                            10,
                            10,
                            10,
                            10,
                            10,
                            10,
                            9,
                            9,
                            9,
                            9,
                            9,
                            9,
                            9,
                            9,
                            9,
                            9,
                            10,
                            10,
                            10,
                            10,
                            10,
                            10,
                            11,
                            10,
                            11,
                            11,
                            11,
                            11,
                            10,
                            11,
                            10,
                            10,
                            10,
                            10,
                            10,
                            10,
                            10,
                            10,
                            10,
                            10,
                            10,
                            10,
                            10,
                            10,
                            11,
                            11,
                            11,
                            11,
                            11,
                            12,
                            12,
                            12,
                            13,
                            13,
                            13,
                            13,
                            13,
                            13,
                            13,
                            13,
                            13,
                            13,
                            12,
                            12,
                            13,
                            14,
                            14,
                            14,
                            14,
                            15,
                            15,
                            15,
                            16,
                            16,
                            16,
                            16,
                            16,
                            15,
                            15,
                            14,
                            13,
                            13,
                            13,
                            13,
                            12,
                            12,
                            11,
                            11,
                            12,
                            12,
                            13,
                            13,
                            14,
                            14,
                            14,
                            14,
                            14,
                            14,
                            14,
                            13,
                            13,
                            13,
                            12,
                            12,
                            12,
                            12,
                            12,
                            12,
                            13,
                            13,
                            13,
                            14,
                            14,
                            14,
                            14,
                            14,
                            14,
                            14,
                            14,
                            14,
                            14,
                            14,
                            13,
                            13,
                            13,
                            15,
                            14,
                            14,
                            14,
                            13,
                            13,
                            13,
                            12,
                            12,
                            11,
                            11,
                            11,
                            11,
                            11,
                            11,
                            11,
                            11,
                            11,
                            11,
                            11,
                            11,
                            11,
                            11,
                            11,
                            11,
                            11,
                            11,
                            11,
                            11,
                            11,
                            11,
                            10,
                            10,
                            10,
                            10,
                            10,
                            10,
                            10,
                            10,
                            9,
                            9,
                            10,
                            10,
                            10,
                            10,
                            10,
                            10,
                            10,
                            10,
                            10,
                            11,
                            10,
                            10,
                            11,
                            10,
                            10,
                            10,
                            10,
                            10,
                            10,
                            10,
                            10,
                            10,
                            10,
                            10,
                            10,
                            10,
                            10,
                            10,
                            10,
                            10,
                            10,
                            10,
                            10,
                            10,
                            10,
                            10,
                            10,
                            10,
                            11,
                            11,
                            11,
                            11,
                            11,
                            11,
                            11,
                            11,
                            11,
                            11,
                            11,
                            11,
                            12,
                            12,
                            12,
                            12,
                            12,
                            12,
                            12,
                            12,
                            12,
                            12,
                            1,
                            1,
                            0
                        ],
                        "normalized": false
                    }
                },
                "boundingSphere": {
                    "center": [
                        0.007633209228515625,
                        -7.8548583984375,
                        11.953650712966919
                    ],
                    "radius": 113.00354657492042
                }
            }
        }
    ],
    "materials": [
        {
            "uuid": "59bea7fe-4992-4cbf-9467-f2abdb8a9a79",
            "type": "ShaderMaterial",
            "depthFunc": 3,
            "depthTest": true,
            "depthWrite": true,
            "colorWrite": true,
            "stencilWrite": false,
            "stencilWriteMask": 255,
            "stencilFunc": 519,
            "stencilRef": 0,
            "stencilFuncMask": 255,
            "stencilFail": 7680,
            "stencilZFail": 7680,
            "stencilZPass": 7680,
            "fog": false,
            "glslVersion": null,
            "uniforms": {
                "uEliminate": {
                    "value": false
                },
                "boxNum": {
                    "value": 0
                },
                "color_type": {
                    "value": 1
                },
                "mod": {
                    "value": 20
                },
                "pointSize": {
                    "value": 1.5
                },
                "sePcdSizeScale": {
                    "value": 2
                },
                "sseEnable": {
                    "value": false
                },
                "sseOriginal": {
                    "value": false
                },
                "isClipModel": {
                    "value": false
                },
                "isHideVolume": {
                    "value": false
                },
                "isClipGround": {
                    "value": false
                },
                "blindVisible": {
                    "value": true
                },
                "groundHeight": {
                    "value": 0
                },
                "clipAxis": {
                    "value": [
                        0,
                        0
                    ]
                },
                "currentVolumePosition": {
                    "type": "v3",
                    "value": [
                        0,
                        0,
                        0
                    ]
                },
                "currentVolumeRotation": {
                    "type": "m3",
                    "value": [
                        1,
                        0,
                        0,
                        0,
                        1,
                        0,
                        0,
                        0,
                        1
                    ]
                },
                "currentVolumeScale": {
                    "type": "v3",
                    "value": [
                        1,
                        1,
                        1
                    ]
                },
                "currentVolumeColor": {
                    "type": "v3",
                    "value": [
                        1,
                        0,
                        0
                    ]
                }
            },
            "vertexShader": "precision mediump float;\r\nprecision mediump int;\r\n\r\nattribute vec3 color;\r\nattribute float intensity;//语义分割类别id\r\n\r\nattribute float categoryID; //语义分割颜色\r\n\r\nattribute vec3 sseColor;\r\nattribute float hidePoint;\r\nattribute float selectPoint;\r\nattribute float blind;//是否为补盲雷达点\r\nvarying vec4 vColor;\r\nuniform bool uEliminate;\r\nuniform bool sseEnable;\r\nuniform bool sseOriginal;\r\nuniform bool isHideVolume;\r\nuniform int boxNum;\r\nuniform float pointSize;\r\nuniform float sePcdSizeScale;\r\nuniform vec3 currentVolumePosition; // 当前选择的volume位置\r\nuniform mat3 currentVolumeRotation; // 当前选择的volume旋转逆矩阵\r\nuniform vec3 currentVolumeScale; // 当前选择的volume缩放\r\nuniform vec4 currentVolumeColor; // 当前选择的volume颜色\r\nuniform float aroundDistance; // 三视图点云显示范围\r\n\r\nuniform int color_type;//阈值\r\n\r\nuniform float mod;\r\n\r\nuniform bool isClipModel;\r\nuniform bool isClipGround;\r\nuniform bool blindVisible;//是否显示补盲雷达\r\nuniform float groundHeight;\r\nuniform float clipAxis[2];\r\n// attribute vec3 position;\r\n// uniform mat4 modelViewMatrix; \r\n// uniform mat4 projectionMatrix; \r\n\r\n//剔除点\r\nvoid clipPoint() {\r\n    gl_Position = vec4(100.0, 100.0, 100.0, 0.0);\r\n}\r\n\r\n //剖切模式\r\nbool clipModel() {\r\n    if(!isClipModel) {\r\n        return false;\r\n    }\r\n    vec4 world = modelMatrix * vec4(position, 1.0);\r\n    if(world.z < clipAxis[0] || world.z > clipAxis[1]) {\r\n        return true;\r\n    }\r\n    return false;\r\n}\r\n\r\nbool clipGround() {\r\n    if(!isClipGround) {\r\n        return false;\r\n    }\r\n    if(position.z <= groundHeight) {\r\n        return true;\r\n    }\r\n    return false;\r\n}\r\n\r\n//隐藏补盲雷达点\r\nbool hideBlind(){\r\n    return !blindVisible && blind == 1.0;\r\n}\r\n\r\nfloat insideVolume(vec3 point, vec3 volumePos, vec3 volumeScale, mat3 volumeRotation) {\r\n    vec3 pp = volumeRotation * (point - volumePos);\r\n    vec3 bottomLeft = -volumeScale * 0.5;\r\n    vec3 topRight = volumeScale * 0.5;\r\n    vec3 s = step(bottomLeft, pp) - step(topRight, pp);\r\n    return s.x * s.y * s.z; \r\n}\r\n\r\n//根据高度着色\r\nvoid getHeightColor() {\r\n    vec4 world = modelMatrix * vec4(position, 1.0);\r\n    if(world.z < -2.0) {\r\n        vColor = vec4(255.0 / 255.0, 215.0 / 255.0, 0.0 / 255.0, 1.0);\r\n    } else if(world.z < -1.5) {\r\n        vColor = vec4(117.0 / 255.0, 98.0 / 255.0, 36.0 / 255.0, 1.0);\r\n    } else if(world.z < -0.5) {\r\n        vColor = vec4(244.0 / 255.0, 111.0 / 255.0, 184.0 / 255.0, 1.0);\r\n    } else if(world.z < -0.0) {\r\n        vColor = vec4(173.0 / 255.0, 84.0 / 255.0, 182.0 / 255.0, 1.0);\r\n    } else if(world.z < 0.5) {\r\n        vColor = vec4(172.0 / 255.0, 111.0 / 255.0, 244.0 / 255.0, 1.0);\r\n    } else if(world.z < 1.0) {\r\n        vColor = vec4(111.0 / 255.0, 157.0 / 255.0, 244.0 / 255.0, 1.0);\r\n    } else if(world.z < 1.5) {\r\n        vColor = vec4(111.0 / 255.0, 157.0 / 255.0, 244.0 / 255.0, 1.0);\r\n    } else if(world.z < 2.0) {\r\n        vColor = vec4(111.0 / 255.0, 236.0 / 255.0, 244.0 / 255.0, 1.0);\r\n    } else if(world.z < 3.0) {\r\n        vColor = vec4(111.0 / 255.0, 244.0 / 255.0, 120.0 / 255.0, 1.0);\r\n    } else {\r\n        vColor = vec4(150.0 / 255.0, 111.0 / 255.0, 244.0 / 255.0, 1.0);\r\n    }\r\n}\r\n\r\n//根据反射强度着色\r\nvoid getIntensityColor() {\r\n    float value = intensity * floor(255.0 / mod);\r\n    float cr = value > 128.0 ? (value - 128.0) * 2.0 : 0.0;\r\n    float cg = value < 128.0 ? 2.0 * value : 255.0 - ((value - 128.0) * 2.0);\r\n    float cb = value < 128.0 ? 255.0 - (2.0 * value) : 0.0;\r\n    vColor = vec4(cr / 255.0, cg / 255.0, cb / 255.0, 1.0);\r\n}\r\n\r\n// 1 是按照高度着色 2 是按照反射强度着色 3 是点云自带的rgb颜色 4 原始颜色\r\nvoid getColor() {\r\n    if(color_type == 1) {\r\n        getHeightColor();\r\n    } else if(color_type == 2) {\r\n        getIntensityColor();\r\n    } else if(color_type == 3) {\r\n        vColor = vec4(color, 1.0);\r\n    } else if(color_type == 4) {//原始色\r\n        vColor = vec4(1.0, 1.0, 1.0, 1.0);\r\n    }\r\n}\r\n\r\nvoid sse() {\r\n    if(sseOriginal) {\r\n        gl_Position = projectionMatrix * modelViewMatrix * vec4(position, 1.0);\r\n        gl_PointSize = pointSize;\r\n        getColor();\r\n        return;\r\n    }\r\n\r\n    if(hidePoint == 1.0 || clipModel() || clipGround() || hideBlind()) {\r\n        clipPoint();\r\n        return;\r\n    }\r\n\r\n    if(categoryID == 1.0) {//有类别\r\n        float opacity = selectPoint == 1.0 ? 0.7 : 1.0;\r\n        vColor = vec4(sseColor, opacity);\r\n    } else {\r\n        getColor();\r\n    }\r\n\r\n    gl_Position = projectionMatrix * modelViewMatrix * vec4(position, 1.0);\r\n    gl_PointSize = selectPoint == 1.0 ? pointSize * sePcdSizeScale : pointSize;\r\n}\r\n\r\nvoid mark() {\r\n    if((isHideVolume && hidePoint == 1.0) || clipModel() || clipGround() || hideBlind()) {\r\n        clipPoint();\r\n        return;\r\n    }\r\n\r\n    gl_Position = projectionMatrix * modelViewMatrix * vec4(position, 1.0);\r\n    gl_PointSize = pointSize;\r\n\r\n    vec4 world = modelMatrix * vec4(position, 1.0);\r\n    vec3 point = vec3(world.x, world.y, world.z);\r\n    float insideVolumeStep = insideVolume(point, currentVolumePosition, currentVolumeScale, currentVolumeRotation);\r\n\r\n    if(!uEliminate) {\r\n        getColor();\r\n        vColor = insideVolumeStep * currentVolumeColor + (1.0 - insideVolumeStep) * vColor;\r\n        return;\r\n    }\r\n\r\n    if(boxNum == 0) {\r\n        clipPoint();\r\n        return;\r\n    }\r\n\r\n    float insideVolumeAroundStep = insideVolume(point, currentVolumePosition, currentVolumeScale + vec3(aroundDistance, aroundDistance, aroundDistance), currentVolumeRotation);\r\n\r\n    if (insideVolumeAroundStep >= 1.0) {\r\n        getColor();\r\n        vColor = insideVolumeStep * currentVolumeColor + (1.0 - insideVolumeStep) * vColor;\r\n    } else {\r\n        clipPoint();\r\n    }\r\n}\r\n\r\nvoid main() {\r\n    if(sseEnable) {\r\n        sse();\r\n        return;\r\n    }\r\n\r\n    mark();\r\n}",
            "fragmentShader": "precision mediump float;\r\nprecision mediump int;\r\n\r\nvarying vec4 vColor;\r\nvoid main() {\r\n    gl_FragColor = vColor;\r\n}"
        }
    ],
    "object": {
        "uuid": "55675702-d9d2-4935-a936-0523069ab615",
        "type": "Points",
        "layers": 1,
        "matrix": [
            1,
            0,
            0,
            0,
            0,
            1,
            0,
            0,
            0,
            0,
            1,
            0,
            0,
            0,
            0,
            1
        ],
        "geometry": "4574ea08-fca1-4bd7-9146-20f796e0c06b",
        "material": "59bea7fe-4992-4cbf-9467-f2abdb8a9a79"
    }
}